UserAge,Budget,Distance,InterestScore,SeasonPreference,TravelFrequency,RecommendationType
58,3909,672,7.4,Autumn,4,Adventure
25,2348,387,1.1,Summer,10,Premium
19,4780,381,5.6,Autumn,5,Adventure
65,3616,710,4.4,Winter,3,Adventure
35,4190,1964,6.6,Winter,4,Adventure
33,4126,1502,7.0,Summer,8,Basic
32,2935,511,6.5,Summer,4,Basic
26,4012,758,5.3,Summer,4,Basic
65,3001,1990,5.4,Spring,4,Basic
24,993,1976,1.1,Spring,5,Basic
61,1312,1112,6.0,Autumn,4,Adventure
65,2202,1882,1.1,Spring,4,Premium
52,2228,631,5.8,Autumn,4,Basic
23,2667,1782,3.5,Autumn,4,Basic
55,1165,211,9.8,Autumn,10,Basic
45,1786,563,1.2,Summer,6,Adventure
20,2464,452,8.3,Winter,3,Adventure
19,1923,1350,7.1,Spring,2,Adventure
23,1114,1178,8.3,Autumn,2,Premium
31,1782,612,9.2,Winter,2,Premium
32,521,306,2.0,Autumn,8,Basic
50,3846,1330,1.9,Summer,10,Basic
56,4190,670,2.3,Autumn,1,Basic
19,4349,1308,2.7,Spring,9,Premium
53,2885,1142,5.7,Winter,1,Basic
30,767,241,8.3,Summer,8,Basic
63,2396,1079,3.4,Autumn,6,Adventure
59,2860,1362,4.6,Spring,10,Premium
62,2816,395,4.4,Spring,6,Adventure
52,4219,1262,4.7,Summer,8,Adventure
44,1083,1978,6.1,Spring,10,Adventure
32,2412,1239,9.9,Spring,5,Adventure
46,2667,365,3.0,Spring,8,Adventure
55,2120,400,7.2,Spring,3,Adventure
35,3982,1399,8.6,Autumn,9,Adventure
18,1440,1328,6.9,Summer,5,Basic
28,4961,1525,8.7,Winter,7,Premium
62,2341,1897,7.8,Winter,4,Adventure
45,1720,1289,1.8,Spring,10,Adventure
39,2676,741,4.4,Autumn,3,Premium
35,1665,1775,6.0,Spring,1,Basic
27,1084,1942,1.5,Spring,9,Basic
31,988,1204,1.1,Autumn,7,Premium
39,1859,134,2.5,Summer,8,Premium
24,3019,1740,5.5,Winter,9,Premium
23,2864,1819,4.9,Autumn,1,Premium
42,4097,108,8.1,Winter,9,Basic
24,1518,216,6.1,Autumn,6,Premium
40,4339,143,8.7,Autumn,7,Adventure
40,2991,1992,1.9,Spring,3,Basic
56,3797,1363,5.8,Summer,8,Premium
34,2730,1629,1.4,Winter,2,Premium
20,4599,1231,2.9,Summer,9,Basic
64,4923,592,8.8,Spring,8,Basic
47,4545,1383,9.0,Autumn,6,Adventure
52,4086,481,5.3,Winter,1,Premium
25,1158,1620,1.4,Summer,1,Premium
42,826,1221,1.7,Winter,4,Adventure
23,4039,903,9.3,Winter,7,Premium
53,3140,1315,9.1,Winter,10,Adventure
36,2551,1358,6.1,Summer,2,Basic
58,711,112,1.3,Winter,6,Adventure
57,1248,1069,9.4,Summer,6,Basic
41,2375,1870,3.8,Autumn,10,Adventure
54,669,1334,9.7,Summer,5,Basic
30,2707,1167,6.3,Spring,3,Basic
63,829,643,7.8,Winter,9,Adventure
22,1935,1364,7.4,Spring,5,Adventure
20,4354,668,4.6,Spring,4,Adventure
60,4751,1039,1.7,Autumn,5,Adventure
32,4122,551,2.5,Autumn,8,Basic
36,2778,1698,3.2,Summer,10,Premium
23,1986,1703,8.5,Summer,6,Adventure
32,4070,1452,4.5,Winter,6,Adventure
24,4528,881,9.1,Spring,3,Adventure
42,1247,659,4.0,Autumn,8,Adventure
35,4350,978,7.8,Autumn,7,Premium
47,3350,199,2.3,Winter,4,Premium
58,3845,1460,9.9,Autumn,7,Adventure
41,3230,172,7.5,Spring,6,Premium
28,3130,373,5.5,Spring,6,Premium
41,1356,950,9.8,Winter,7,Adventure
40,1817,901,1.5,Spring,5,Adventure
31,3201,1041,4.9,Summer,8,Adventure
60,3872,1001,8.5,Spring,3,Premium
35,4558,467,4.1,Summer,10,Basic
62,2861,746,7.9,Autumn,3,Adventure
61,3780,1292,9.6,Summer,10,Adventure
59,800,344,4.6,Winter,4,Premium
22,4225,690,8.0,Winter,2,Adventure
56,1221,1814,1.3,Winter,5,Adventure
58,3076,1521,3.5,Winter,4,Adventure
28,2567,703,9.9,Winter,9,Premium
52,3148,1553,5.4,Spring,7,Premium
64,1449,1812,4.2,Autumn,7,Basic
33,3811,757,9.5,Summer,4,Adventure
28,4715,866,4.9,Summer,3,Basic
47,509,317,7.1,Autumn,3,Adventure
42,4944,1607,6.9,Winter,8,Premium
35,4284,808,1.8,Winter,1,Basic
58,3885,1104,6.6,Summer,3,Basic
62,944,1200,8.2,Winter,7,Basic
53,2036,267,7.4,Spring,8,Basic
32,4747,703,1.7,Spring,3,Premium
61,3463,545,2.4,Spring,9,Adventure
38,4583,1005,7.4,Autumn,9,Basic
21,4121,300,6.7,Autumn,6,Adventure
32,922,597,7.7,Spring,8,Basic
20,2167,970,3.9,Autumn,5,Adventure
38,2687,557,2.0,Spring,5,Premium
43,4999,338,1.0,Winter,9,Premium
35,1573,248,3.8,Autumn,10,Basic
22,2859,153,4.2,Spring,1,Premium
31,4089,644,3.4,Autumn,7,Premium
54,4470,1986,2.2,Summer,2,Adventure
63,1494,836,2.7,Summer,3,Adventure
38,736,1819,5.0,Spring,1,Basic
31,2460,1310,6.0,Spring,4,Basic
59,1797,906,4.7,Spring,5,Adventure
49,3045,558,1.2,Summer,8,Basic
43,612,1822,4.2,Autumn,2,Adventure
59,3842,1897,1.8,Summer,8,Premium
47,1263,377,6.4,Spring,6,Premium
27,2340,1716,3.9,Spring,5,Basic
34,1429,720,4.5,Spring,6,Premium
26,4280,1962,3.6,Spring,6,Premium
33,1462,1233,4.5,Spring,9,Adventure
65,1761,1526,1.8,Spring,9,Adventure
53,4582,690,9.1,Winter,5,Premium
52,2890,438,9.1,Winter,6,Basic
34,4668,1612,9.8,Winter,1,Basic
65,2739,376,6.1,Summer,7,Adventure
55,3903,1070,2.5,Autumn,2,Premium
45,4452,1104,4.4,Spring,6,Premium
55,4368,1006,2.2,Winter,10,Premium
43,2496,1071,3.7,Summer,4,Adventure
41,4241,1850,5.4,Autumn,10,Adventure
32,1684,681,1.6,Spring,10,Adventure
26,3642,1068,4.9,Spring,9,Basic
50,2061,97,4.8,Autumn,3,Basic
49,4663,234,5.4,Autumn,5,Basic
23,1618,1985,1.7,Autumn,6,Premium
21,1071,855,3.3,Summer,6,Premium
25,2763,1085,3.2,Winter,9,Adventure
27,3899,986,6.6,Spring,8,Premium
58,3284,543,6.3,Winter,8,Premium
28,4659,490,2.8,Autumn,2,Basic
61,2688,1244,2.0,Spring,7,Adventure
45,521,772,3.7,Spring,10,Basic
56,2817,149,9.5,Winter,5,Premium
22,2945,153,4.0,Winter,8,Basic
42,4511,626,6.6,Spring,3,Adventure
42,1717,1063,8.2,Summer,3,Premium
56,4158,1273,4.0,Autumn,6,Adventure
47,4912,1857,4.0,Winter,7,Premium
51,4467,1776,8.3,Spring,10,Premium
34,3327,1389,8.7,Winter,10,Premium
53,3223,1427,9.8,Spring,7,Adventure
18,4951,1013,2.2,Summer,2,Basic
61,3590,635,3.9,Winter,2,Adventure
64,4230,1149,9.5,Spring,3,Premium
25,3136,66,2.8,Winter,6,Adventure
61,2045,1785,3.8,Spring,4,Adventure
52,2456,270,9.7,Autumn,6,Adventure
35,3637,932,9.7,Spring,6,Premium
59,2413,324,3.6,Spring,5,Adventure
39,3865,1857,7.3,Spring,5,Adventure
25,857,591,5.4,Spring,10,Basic
36,3106,1539,6.2,Autumn,7,Basic
45,4374,799,3.2,Summer,5,Adventure
28,3623,1614,4.4,Autumn,8,Adventure
47,3662,875,8.3,Summer,6,Premium
18,1746,799,4.5,Summer,10,Premium
64,4557,142,2.0,Autumn,9,Basic
64,803,870,6.1,Winter,8,Basic
34,1534,154,6.3,Summer,7,Premium
50,4614,1217,5.9,Autumn,3,Basic
29,3219,1200,7.1,Spring,3,Premium
50,1322,448,6.0,Autumn,1,Premium
24,4106,792,9.6,Summer,3,Adventure
58,1316,1183,5.2,Winter,4,Adventure
37,4808,641,7.4,Winter,5,Basic
58,4243,200,4.9,Winter,2,Adventure
50,625,841,3.6,Spring,4,Adventure
56,1680,1082,7.2,Autumn,3,Premium
30,3858,972,8.4,Autumn,7,Basic
27,1764,1615,8.2,Winter,2,Adventure
41,1112,1176,4.7,Spring,2,Basic
28,4346,622,5.5,Winter,2,Premium
52,2671,1740,6.7,Summer,8,Adventure
51,3273,1326,3.2,Autumn,9,Premium
18,3756,1443,6.9,Spring,1,Adventure
56,1157,1301,7.4,Winter,1,Basic
38,3191,293,8.1,Spring,7,Premium
49,4871,313,1.7,Summer,9,Premium
19,3613,248,9.9,Summer,2,Basic
25,3094,856,5.3,Autumn,2,Premium
41,4497,814,4.6,Spring,5,Basic
37,4932,1677,5.6,Winter,10,Premium
33,794,744,9.3,Winter,3,Premium
21,1060,1192,7.2,Winter,2,Premium
33,2423,1972,5.9,Autumn,7,Basic
54,2854,798,8.1,Summer,5,Adventure
23,2363,1596,4.2,Winter,4,Premium
23,1240,345,9.1,Autumn,4,Basic
64,4055,457,5.8,Autumn,5,Basic
49,1306,1283,6.7,Autumn,8,Premium
22,1323,1092,1.8,Autumn,3,Basic
52,4134,872,7.9,Autumn,3,Basic
26,1862,1074,6.9,Autumn,9,Basic
26,2953,132,4.2,Summer,3,Premium
60,737,142,6.8,Summer,1,Adventure
48,876,129,1.4,Winter,1,Basic
53,3157,330,9.9,Spring,6,Premium
28,959,1511,7.1,Summer,6,Adventure
34,2903,732,4.6,Spring,8,Basic
51,3436,1696,7.8,Winter,8,Basic
56,3570,1020,9.7,Summer,9,Premium
45,4028,1113,4.9,Summer,5,Premium
31,1692,985,1.1,Winter,9,Adventure
52,2500,355,3.3,Winter,8,Adventure
64,4851,1291,5.6,Spring,3,Premium
62,3875,1879,5.7,Spring,9,Premium
30,1975,1105,6.2,Winter,3,Basic
63,1892,336,6.2,Summer,10,Basic
37,1934,721,5.0,Autumn,10,Adventure
43,1146,1957,4.5,Spring,8,Adventure
60,3633,1305,8.0,Winter,10,Basic
59,2472,702,6.3,Summer,7,Basic
41,4576,382,5.5,Summer,9,Adventure
46,1672,854,4.1,Spring,9,Basic
51,2402,1312,1.2,Spring,5,Premium
46,4277,1564,1.9,Autumn,6,Premium
25,2580,1775,4.7,Spring,8,Adventure
33,4264,662,9.7,Autumn,9,Adventure
32,2591,1265,2.0,Winter,4,Basic
22,576,738,9.5,Spring,2,Basic
39,4311,1088,2.3,Autumn,8,Premium
19,2856,1746,3.8,Spring,5,Basic
55,4977,1093,5.1,Winter,6,Adventure
53,1794,1140,2.9,Winter,7,Adventure
32,1105,1053,5.3,Autumn,5,Basic
55,4118,1501,5.3,Summer,3,Premium
32,3330,1202,4.9,Winter,5,Premium
18,2950,663,7.3,Winter,1,Basic
22,3975,1022,3.9,Winter,1,Basic
63,2548,1720,3.7,Winter,9,Adventure
58,4242,84,8.3,Summer,3,Adventure
21,2974,804,2.0,Winter,6,Adventure
32,2131,728,8.6,Summer,5,Premium
22,3651,1429,6.8,Spring,8,Basic
20,4458,274,7.1,Summer,9,Adventure
39,1373,903,2.5,Autumn,1,Premium
22,2443,1245,9.9,Spring,8,Adventure
50,3624,680,3.2,Summer,8,Basic
33,3440,1681,2.6,Summer,5,Premium
35,2923,1890,2.4,Summer,1,Basic
60,2918,1535,6.0,Summer,7,Basic
49,679,1836,9.6,Summer,5,Premium
31,3742,1459,3.1,Summer,10,Premium
52,2748,1338,4.6,Autumn,4,Adventure
26,566,104,2.7,Autumn,1,Premium
64,901,1272,6.8,Autumn,9,Premium
54,4569,1021,4.9,Summer,6,Adventure
54,2844,593,1.3,Spring,4,Basic
48,2385,1392,6.5,Autumn,7,Premium
33,3386,1653,2.8,Winter,9,Basic
48,2294,1639,6.3,Winter,7,Basic
44,2057,1234,4.5,Summer,7,Premium
30,2553,1232,7.3,Spring,4,Basic
24,1620,516,2.9,Autumn,3,Basic
24,1295,1527,7.8,Summer,7,Adventure
60,822,155,8.3,Spring,7,Adventure
45,3030,1245,1.6,Winter,4,Adventure
40,4111,1033,1.9,Autumn,5,Basic
45,773,399,8.8,Summer,2,Basic
44,3488,1123,2.7,Summer,7,Adventure
47,1576,1338,3.9,Spring,4,Premium
64,1238,1526,5.1,Summer,9,Adventure
21,2917,1319,3.4,Summer,10,Premium
61,3176,1636,8.8,Autumn,5,Premium
59,3903,1772,5.7,Winter,5,Basic
59,1938,828,6.8,Winter,9,Adventure
24,2144,352,6.4,Spring,5,Premium
21,1582,1732,6.5,Winter,7,Adventure
43,4918,1444,6.3,Spring,4,Basic
64,3497,546,4.1,Autumn,2,Basic
39,4848,114,8.6,Spring,3,Basic
24,4610,1222,6.6,Winter,3,Premium
33,2732,1991,8.3,Summer,5,Adventure
30,1847,1484,7.4,Autumn,2,Premium
30,2605,275,3.7,Winter,8,Adventure
52,4447,440,6.5,Autumn,10,Premium
46,2917,88,1.8,Spring,8,Basic
26,3274,953,2.2,Winter,5,Basic
45,1443,692,2.1,Summer,10,Basic
29,4336,907,3.7,Summer,8,Premium
35,1116,360,2.6,Summer,4,Adventure
47,1653,895,7.2,Summer,6,Basic
33,2348,1464,5.6,Autumn,1,Basic
22,3755,467,4.8,Winter,3,Premium
46,3496,890,2.2,Summer,1,Basic
53,1239,1077,4.5,Summer,9,Basic
24,3732,1637,2.7,Summer,1,Premium
21,614,1302,6.7,Spring,3,Premium
59,2666,1935,7.2,Winter,2,Basic
52,4895,1015,6.8,Autumn,5,Adventure
18,1512,1837,10.0,Spring,5,Adventure
23,4225,1787,6.0,Spring,3,Adventure
33,3519,1556,5.4,Autumn,8,Adventure
28,2647,1539,2.3,Summer,1,Adventure
44,3621,177,3.8,Summer,4,Adventure
49,3543,1495,5.1,Winter,2,Premium
48,1387,332,1.5,Summer,3,Adventure
31,2415,1112,4.2,Spring,1,Premium
43,4362,474,1.1,Spring,8,Premium
21,705,1198,2.2,Spring,4,Premium
28,3187,715,8.3,Autumn,6,Basic
42,2313,1406,9.7,Summer,7,Adventure
18,1017,1029,5.5,Summer,5,Adventure
42,4303,1126,5.5,Summer,8,Adventure
34,2975,821,7.2,Summer,6,Basic
47,3844,692,4.7,Winter,8,Premium
36,1455,404,8.6,Winter,1,Adventure
45,1645,991,5.4,Spring,6,Basic
62,871,1918,1.7,Spring,2,Basic
64,804,1141,1.3,Autumn,3,Adventure
53,2993,751,7.8,Spring,1,Premium
60,4535,1168,3.6,Summer,5,Basic
63,1451,775,3.5,Spring,7,Premium
49,1296,1434,5.8,Spring,2,Premium
27,2423,1631,2.5,Winter,9,Adventure
30,4903,1826,5.1,Summer,8,Adventure
36,1611,1526,7.7,Autumn,3,Adventure
31,3683,1444,7.9,Autumn,4,Premium
21,4216,1367,5.9,Autumn,5,Premium
55,3539,1695,2.0,Spring,7,Basic
65,4925,1469,2.0,Autumn,1,Basic
52,3933,591,8.0,Autumn,2,Basic
21,1765,1299,8.4,Autumn,4,Adventure
65,3898,1041,4.3,Winter,7,Premium
38,1311,443,8.4,Summer,8,Premium
21,4508,554,1.4,Winter,4,Premium
21,3843,621,7.5,Summer,1,Basic
55,2791,1192,5.9,Winter,4,Adventure
48,768,661,9.9,Summer,8,Adventure
50,3535,510,1.9,Autumn,2,Premium
51,2279,1978,8.5,Autumn,9,Premium
28,4132,659,7.8,Autumn,4,Premium
21,4142,1629,3.7,Winter,8,Premium
50,2434,641,10.0,Autumn,7,Basic
23,3471,1493,5.0,Spring,5,Basic
29,1313,474,4.1,Summer,6,Premium
22,3509,1463,8.4,Winter,3,Basic
56,4960,1493,5.0,Autumn,1,Premium
22,3438,1051,9.9,Autumn,9,Premium
61,996,699,8.0,Summer,9,Premium
33,3761,1032,3.1,Autumn,2,Basic
43,2760,764,8.3,Autumn,5,Premium
25,2054,1197,6.3,Summer,8,Premium
54,1500,1962,4.2,Summer,5,Adventure
33,4225,1963,7.4,Spring,4,Adventure
55,1250,1678,6.7,Spring,6,Basic
56,2237,1527,2.5,Summer,1,Adventure
20,674,610,2.3,Winter,4,Basic
57,914,639,2.9,Spring,2,Premium
23,3232,299,2.9,Summer,4,Adventure
44,2495,1224,1.5,Autumn,7,Basic
60,1531,1435,4.2,Winter,6,Premium
55,2181,1162,3.5,Autumn,1,Adventure
54,1062,827,5.8,Spring,3,Adventure
51,2197,1884,3.9,Autumn,5,Basic
38,2269,858,7.3,Winter,10,Premium
34,2408,1726,3.6,Summer,2,Adventure
31,3191,756,3.4,Summer,7,Premium
60,1708,1633,8.7,Winter,4,Premium
63,523,1697,9.9,Autumn,1,Adventure
38,2771,349,7.1,Autumn,1,Premium
33,1685,644,1.9,Winter,10,Basic
34,1564,136,9.7,Summer,8,Adventure
43,4925,639,8.1,Autumn,10,Basic
26,2553,1512,9.3,Spring,3,Adventure
60,1929,211,9.9,Winter,6,Basic
59,1400,759,8.8,Spring,2,Premium
37,711,1942,2.1,Spring,4,Premium
47,1579,955,8.8,Summer,3,Basic
38,621,1393,3.2,Winter,8,Premium
22,3434,575,7.4,Autumn,2,Basic
18,2449,1580,8.5,Autumn,10,Adventure
47,3152,1031,7.9,Winter,6,Adventure
57,629,488,7.1,Summer,1,Premium
54,1927,463,5.4,Autumn,1,Premium
24,2673,1745,6.2,Autumn,6,Adventure
22,929,1153,3.4,Autumn,3,Premium
52,1538,605,4.7,Summer,9,Adventure
31,3948,1960,5.1,Autumn,2,Adventure
50,4809,1201,6.7,Autumn,3,Basic
34,1431,1475,8.9,Spring,8,Basic
26,1020,606,1.8,Summer,4,Adventure
40,4401,331,5.6,Autumn,6,Adventure
22,4172,273,3.5,Summer,9,Basic
33,3465,1310,9.4,Summer,6,Adventure
41,4704,1567,4.3,Autumn,8,Adventure
36,1393,1251,9.6,Autumn,4,Adventure
28,4202,540,3.9,Summer,1,Premium
46,4627,546,1.0,Summer,7,Basic
52,2314,153,8.0,Summer,6,Adventure
63,855,1421,7.6,Spring,3,Adventure
37,4771,1903,7.6,Winter,5,Premium
57,2970,1137,5.1,Autumn,1,Premium
59,4252,512,7.0,Spring,8,Adventure
51,755,1356,4.2,Spring,8,Basic
18,998,526,1.6,Summer,9,Premium
60,4423,157,5.8,Winter,5,Basic
53,3790,255,3.0,Autumn,9,Premium
37,3992,896,4.9,Spring,8,Premium
60,1384,726,2.9,Autumn,4,Basic
24,4516,1519,3.4,Spring,10,Adventure
26,4133,1017,8.5,Autumn,3,Basic
34,1102,255,4.0,Summer,9,Adventure
25,1161,1445,6.2,Summer,6,Adventure
24,3138,1628,6.1,Winter,6,Premium
65,1715,331,5.4,Summer,8,Premium
53,1038,60,4.1,Spring,5,Premium
27,1533,1177,7.1,Spring,10,Adventure
35,2752,1952,1.4,Spring,9,Adventure
36,4992,373,1.9,Spring,3,Basic
56,3163,883,8.1,Summer,2,Basic
31,3620,1387,5.1,Summer,9,Basic
63,4846,1964,2.1,Winter,3,Basic
39,2915,1853,8.7,Autumn,8,Adventure
31,4216,1848,5.0,Winter,5,Adventure
61,4641,1024,1.0,Autumn,5,Basic
58,4024,1027,9.6,Summer,9,Basic
34,1312,1382,2.8,Spring,6,Adventure
50,1437,458,7.2,Winter,8,Basic
49,2261,1598,2.2,Winter,1,Premium
34,4023,638,6.8,Summer,9,Adventure
21,4199,707,2.4,Autumn,7,Premium
23,2371,634,9.4,Winter,3,Premium
58,3889,1372,3.5,Autumn,1,Adventure
45,3276,171,6.9,Winter,10,Adventure
35,4215,1909,3.3,Spring,6,Premium
20,3766,1624,4.3,Summer,10,Basic
18,3907,233,9.1,Autumn,4,Basic
39,1278,1385,2.5,Summer,6,Adventure
26,3060,1225,4.6,Summer,2,Premium
58,3996,525,3.7,Autumn,9,Premium
34,3060,1145,7.3,Autumn,7,Adventure
28,2588,1562,3.1,Winter,4,Adventure
65,3566,1530,6.9,Autumn,9,Premium
46,1750,1791,7.3,Summer,8,Premium
53,4385,1968,1.0,Summer,9,Adventure
63,1049,126,5.3,Autumn,3,Premium
45,1247,1920,2.2,Autumn,10,Basic
53,1199,1937,3.0,Winter,5,Adventure
18,1263,408,7.1,Winter,6,Basic
25,4037,905,1.1,Winter,7,Adventure
22,1291,1856,7.3,Summer,6,Adventure
62,3552,1765,8.4,Autumn,2,Premium
27,1565,410,9.9,Spring,2,Basic
52,991,1962,4.8,Autumn,9,Premium
20,3200,1933,2.2,Autumn,2,Basic
41,1501,124,1.6,Winter,1,Premium
55,3865,1762,4.4,Spring,3,Adventure
53,3396,863,7.6,Autumn,3,Basic
27,3964,1663,1.9,Spring,1,Basic
45,921,1064,3.8,Spring,4,Adventure
26,2856,431,8.9,Autumn,2,Adventure
20,3059,1968,2.2,Winter,8,Premium
37,3380,1583,8.0,Winter,4,Basic
41,1348,1836,7.8,Autumn,2,Premium
20,4656,1946,2.2,Spring,1,Basic
40,2242,642,9.9,Spring,10,Basic
31,1767,1845,2.3,Winter,7,Premium
61,4450,126,5.8,Winter,8,Adventure
33,2337,68,1.1,Winter,9,Adventure
60,1386,661,6.9,Spring,10,Premium
24,3368,1213,5.0,Spring,10,Adventure
40,3511,1284,7.5,Winter,5,Premium
53,1441,269,6.7,Winter,1,Adventure
44,2782,1951,2.4,Spring,6,Premium
57,2352,736,4.7,Summer,4,Premium
65,4015,632,7.2,Spring,10,Premium
27,715,980,8.7,Autumn,2,Premium
33,2690,1363,1.8,Autumn,1,Adventure
28,737,1162,1.9,Spring,4,Basic
29,1977,1123,7.8,Autumn,8,Adventure
44,2738,1061,6.3,Summer,2,Basic
19,3031,1871,4.5,Summer,8,Premium
29,3283,1972,9.7,Summer,1,Basic
65,3375,324,3.8,Autumn,6,Basic
39,550,1792,2.3,Winter,9,Adventure
44,1986,1082,3.5,Summer,7,Premium
60,1673,1008,1.8,Summer,6,Premium
65,3783,608,6.0,Winter,1,Premium
33,1070,444,6.4,Spring,10,Basic
35,1662,1706,6.5,Winter,5,Premium
28,751,280,8.0,Spring,9,Adventure
62,1251,727,7.2,Spring,1,Basic
24,4845,382,8.6,Winter,2,Basic
42,2262,1547,6.9,Summer,5,Basic
20,3581,989,3.7,Spring,2,Basic
48,3939,1377,5.7,Winter,4,Adventure
32,4216,576,5.6,Summer,9,Basic
30,3292,1521,7.7,Spring,2,Basic
47,1789,431,3.7,Autumn,2,Adventure
40,3531,78,1.5,Summer,4,Premium
37,3052,1558,9.1,Winter,9,Adventure
32,3157,740,9.6,Autumn,7,Premium
32,1195,1669,5.5,Winter,4,Basic
19,930,654,2.0,Spring,4,Basic
60,1774,1212,5.5,Summer,9,Basic
30,1789,1431,6.3,Autumn,4,Adventure
43,907,1600,5.8,Autumn,10,Premium
39,1168,445,9.8,Autumn,3,Premium
35,2729,409,9.9,Spring,9,Adventure
22,4129,1301,9.4,Summer,9,Adventure
35,3973,1803,2.2,Summer,7,Premium
40,4478,1358,8.7,Spring,2,Adventure
59,4121,1887,6.1,Winter,10,Basic
50,3892,880,4.3,Autumn,6,Premium
43,2737,1743,7.1,Winter,8,Adventure
61,2265,925,7.9,Spring,7,Premium
52,4697,1105,9.6,Winter,2,Adventure
39,1432,721,7.9,Winter,3,Premium
19,3327,227,1.2,Spring,3,Premium
25,4021,870,1.6,Autumn,9,Premium
34,1408,1420,3.4,Winter,7,Basic
29,2820,245,1.4,Summer,9,Basic
55,4486,428,1.5,Winter,6,Premium
34,4816,337,8.1,Winter,3,Adventure
20,3026,1027,5.6,Summer,9,Basic
24,872,712,6.7,Autumn,10,Adventure
56,2306,1966,5.5,Summer,8,Premium
45,3737,558,4.7,Autumn,6,Adventure
40,948,63,7.3,Spring,6,Basic
64,562,584,1.7,Spring,9,Adventure
38,2174,835,5.8,Winter,6,Adventure
45,2969,532,6.5,Winter,6,Premium
56,2230,964,3.5,Spring,7,Premium
50,1624,1593,3.8,Summer,7,Adventure
25,2593,596,5.6,Spring,6,Adventure
42,2871,725,2.8,Autumn,10,Premium
54,3187,668,8.3,Winter,4,Basic
30,1482,1242,5.8,Summer,10,Basic
34,563,1530,4.5,Winter,9,Adventure
20,4574,1223,6.7,Spring,4,Premium
63,4027,73,8.5,Summer,7,Adventure
45,1939,585,7.1,Spring,9,Premium
18,1558,1388,1.6,Autumn,5,Basic
51,3614,786,7.3,Spring,6,Adventure
52,4862,1468,7.6,Summer,8,Premium
61,2385,533,8.6,Spring,8,Adventure
64,4598,177,1.5,Winter,7,Basic
65,3401,1417,1.8,Winter,1,Basic
65,1090,292,4.9,Summer,1,Adventure
60,3752,1003,5.1,Winter,5,Adventure
30,846,678,6.5,Autumn,10,Adventure
41,4073,377,3.8,Autumn,1,Premium
45,653,880,7.7,Summer,9,Premium
22,4266,1455,7.7,Spring,3,Adventure
60,1137,1079,2.1,Winter,5,Basic
39,3064,1940,7.4,Winter,1,Adventure
57,4016,1883,7.3,Spring,5,Adventure
38,3813,1868,2.5,Spring,4,Basic
60,3921,1490,9.6,Spring,4,Basic
25,2871,1626,5.7,Spring,6,Premium
64,1443,686,8.0,Winter,1,Adventure
37,3818,1463,7.5,Autumn,5,Adventure
50,670,290,2.5,Summer,9,Adventure
37,3160,1358,2.1,Summer,9,Adventure
60,1907,1926,8.0,Spring,9,Basic
44,4269,1976,3.4,Autumn,10,Adventure
38,3464,654,9.0,Winter,10,Adventure
43,1221,802,7.9,Winter,3,Adventure
62,4077,1308,1.3,Summer,2,Adventure
36,1367,502,8.3,Spring,1,Premium
53,2493,498,3.4,Autumn,8,Adventure
26,4069,323,1.6,Summer,6,Basic
30,3780,1029,7.4,Autumn,3,Premium
44,4792,363,6.2,Spring,3,Adventure
60,1144,981,1.7,Spring,5,Basic
42,3742,1581,5.1,Summer,6,Premium
61,3041,1290,4.2,Spring,10,Premium
65,3281,815,5.5,Autumn,4,Adventure
29,2315,901,6.1,Autumn,4,Premium
57,3228,1487,4.3,Summer,5,Adventure
54,1877,1174,3.3,Spring,5,Adventure
37,1125,1919,1.9,Winter,2,Premium
43,4681,1014,6.2,Spring,10,Premium
53,1434,1601,7.5,Summer,7,Premium
18,4846,1150,3.1,Summer,10,Premium
37,4677,1692,5.6,Winter,4,Premium
36,2088,1410,1.4,Summer,2,Basic
31,3362,1740,8.8,Summer,6,Basic
45,3376,497,3.2,Winter,8,Adventure
55,1709,1610,5.2,Winter,3,Adventure
56,2435,556,4.4,Autumn,8,Adventure
59,1342,1443,2.4,Summer,10,Premium
38,1699,1595,9.4,Winter,2,Adventure
47,2596,1270,8.7,Autumn,10,Adventure
46,2116,1838,6.0,Summer,5,Premium
46,1921,1662,9.2,Winter,1,Basic
61,1752,217,7.7,Summer,10,Adventure
31,1117,1126,4.8,Autumn,7,Premium
50,1951,964,3.9,Spring,2,Adventure
48,4547,1131,4.7,Summer,1,Basic
65,4300,1491,7.5,Summer,6,Adventure
28,4177,790,3.4,Summer,6,Basic
60,3147,209,1.7,Summer,7,Adventure
23,3089,1928,4.4,Winter,7,Premium
36,1736,1205,5.5,Spring,2,Adventure
50,4102,279,9.1,Summer,4,Adventure
60,1059,176,2.6,Winter,10,Basic
58,4341,1747,8.2,Spring,1,Premium
57,4122,1171,9.8,Autumn,7,Premium
39,2980,1899,9.6,Autumn,1,Basic
23,2750,1085,1.6,Autumn,5,Basic
33,960,464,5.2,Autumn,9,Adventure
61,3383,1222,3.5,Autumn,1,Basic
37,4656,1149,8.6,Spring,6,Premium
32,1107,356,3.9,Summer,9,Premium
30,3042,386,6.0,Autumn,10,Basic
27,4282,721,1.1,Summer,3,Adventure
19,4202,1799,2.8,Summer,6,Premium
20,808,1115,6.1,Summer,9,Premium
33,966,954,3.7,Summer,4,Premium
48,3520,288,6.6,Summer,3,Basic
57,2851,1443,5.2,Spring,1,Adventure
22,1128,470,6.3,Summer,7,Basic
47,1239,1518,5.4,Spring,8,Adventure
44,4653,1244,8.0,Spring,10,Basic
58,3649,1051,2.8,Summer,10,Adventure
54,4290,236,9.1,Spring,9,Adventure
30,836,1890,7.8,Autumn,2,Basic
63,4184,1095,3.2,Autumn,4,Adventure
62,2042,962,1.1,Autumn,7,Premium
42,3133,1706,4.7,Summer,5,Premium
49,4396,163,3.1,Autumn,7,Basic
43,4607,978,4.1,Winter,3,Premium
33,1735,320,8.6,Winter,3,Adventure
27,1006,1101,8.9,Winter,6,Basic
59,4190,900,9.6,Autumn,2,Premium
62,1347,985,1.0,Spring,8,Basic
18,3313,1204,6.9,Winter,10,Adventure
24,1190,168,8.6,Spring,1,Basic
45,4633,1194,7.5,Spring,9,Premium
32,1913,996,1.9,Summer,7,Basic
29,820,1427,5.8,Winter,5,Basic
62,2529,1702,3.1,Summer,2,Adventure
51,4086,681,5.4,Summer,7,Basic
47,4099,1531,1.5,Summer,9,Premium
21,4793,94,10.0,Autumn,7,Premium
53,4782,860,7.4,Summer,3,Premium
33,1800,571,1.8,Spring,3,Basic
25,3481,1722,9.3,Winter,8,Adventure
47,3554,56,9.1,Spring,9,Premium
26,2817,1577,5.7,Winter,4,Adventure
47,3673,496,7.3,Autumn,8,Adventure
60,3848,1234,4.4,Winter,7,Basic
51,3271,199,9.8,Winter,10,Basic
53,928,142,1.8,Winter,4,Adventure
56,3241,917,1.9,Winter,9,Adventure
38,1039,755,2.2,Spring,10,Premium
46,3200,1484,8.4,Winter,9,Basic
57,1274,180,1.7,Summer,4,Adventure
64,3666,1158,6.1,Winter,4,Premium
50,2827,173,4.9,Summer,2,Basic
45,2564,1964,9.7,Autumn,5,Basic
53,1731,1881,3.1,Summer,7,Basic
46,3230,191,3.3,Spring,6,Premium
28,1167,1962,3.8,Summer,10,Premium
65,1658,1016,8.2,Spring,2,Premium
48,3365,114,7.3,Summer,2,Premium
46,3041,637,7.6,Winter,7,Premium
34,3710,887,3.9,Autumn,7,Adventure
33,1556,418,3.4,Spring,6,Adventure
58,1194,1624,1.7,Spring,6,Basic
35,3036,327,2.8,Winter,4,Premium
51,3585,1618,8.0,Winter,6,Adventure
49,3190,1363,6.3,Summer,6,Adventure
58,1546,1543,2.4,Spring,10,Premium
33,4812,1372,2.5,Summer,1,Premium
35,1265,910,5.2,Winter,5,Premium
46,3968,816,4.7,Spring,3,Basic
22,4665,1875,5.8,Autumn,6,Adventure
63,3464,833,9.7,Autumn,10,Premium
36,649,968,2.9,Spring,8,Basic
33,3470,1830,3.8,Spring,10,Premium
35,3030,1928,3.4,Winter,3,Premium
39,1976,1907,2.1,Spring,8,Premium
38,2254,823,2.4,Spring,1,Adventure
52,3299,819,7.2,Autumn,4,Premium
23,4483,214,8.4,Winter,4,Adventure
26,2072,1448,7.3,Summer,6,Adventure
27,2355,1405,1.4,Spring,3,Basic
32,1626,1841,8.5,Winter,2,Basic
42,1769,1154,4.0,Winter,2,Adventure
62,1132,322,1.8,Autumn,1,Adventure
27,2923,1388,3.2,Spring,4,Premium
63,1328,1811,4.2,Spring,10,Premium
31,4658,762,5.6,Winter,3,Adventure
22,4921,292,7.1,Spring,5,Adventure
44,4813,415,3.3,Autumn,1,Premium
44,809,1150,9.9,Autumn,6,Premium
39,3258,854,1.3,Autumn,2,Premium
52,1573,1133,4.6,Spring,5,Premium
47,3586,310,5.1,Spring,8,Basic
44,1763,1540,7.7,Autumn,8,Premium
21,1829,506,3.2,Summer,1,Adventure
31,1981,1759,5.2,Winter,6,Adventure
44,1856,57,8.2,Summer,4,Premium
42,4085,1598,2.3,Spring,9,Premium
55,857,96,1.1,Winter,4,Adventure
62,3865,661,8.5,Winter,4,Adventure
19,3484,998,9.8,Spring,9,Basic
54,2445,1429,2.2,Summer,9,Adventure
42,4138,1522,8.4,Summer,5,Adventure
48,2834,1165,4.4,Summer,9,Adventure
18,4177,918,6.7,Summer,8,Basic
40,2416,1139,6.8,Autumn,10,Adventure
37,4874,826,6.2,Winter,3,Premium
42,2459,1736,3.3,Summer,1,Adventure
44,3035,520,8.3,Spring,7,Adventure
52,4342,556,1.2,Autumn,10,Basic
65,2089,993,1.6,Winter,9,Premium
65,3513,758,9.1,Spring,1,Adventure
52,4109,367,5.0,Autumn,5,Basic
56,4282,614,2.2,Winter,3,Adventure
32,2808,436,9.1,Spring,1,Basic
49,3628,1969,8.5,Winter,5,Basic
32,4619,1842,4.0,Autumn,4,Basic
35,4820,1534,1.4,Summer,10,Premium
45,3929,1617,5.1,Autumn,5,Basic
49,1827,281,2.5,Spring,1,Adventure
19,2135,115,6.2,Summer,8,Basic
42,1633,1707,8.4,Winter,1,Adventure
39,2548,1402,4.6,Winter,2,Premium
60,927,908,1.3,Winter,7,Premium
61,4436,1309,7.1,Autumn,5,Basic
43,3540,1618,2.6,Winter,6,Adventure
64,1340,1967,2.9,Winter,2,Premium
28,4726,1859,2.7,Winter,1,Premium
47,1521,1870,3.5,Autumn,5,Basic
26,2835,82,9.0,Spring,7,Basic
57,1187,542,1.3,Summer,4,Basic
52,1813,472,6.6,Winter,7,Adventure
19,2734,187,3.2,Autumn,9,Basic
43,4180,256,3.7,Winter,2,Basic
55,4705,1266,4.7,Summer,6,Adventure
54,1707,118,6.0,Spring,8,Adventure
60,4083,964,1.5,Spring,10,Basic
19,1251,1274,3.5,Winter,9,Adventure
23,2318,1426,2.2,Summer,2,Adventure
59,4195,1490,2.8,Winter,3,Basic
45,3363,1836,9.0,Spring,4,Adventure
26,718,149,5.7,Autumn,9,Basic
47,3898,551,6.7,Autumn,8,Basic
29,936,1566,8.2,Autumn,9,Adventure
21,3747,140,8.2,Summer,1,Basic
34,4612,873,9.9,Summer,1,Premium
42,3563,948,8.0,Spring,4,Adventure
38,2431,529,4.2,Summer,9,Adventure
31,3663,1155,5.9,Spring,5,Adventure
47,1168,494,5.4,Spring,6,Basic
38,3571,1594,9.2,Winter,8,Basic
39,2339,1818,5.5,Autumn,7,Adventure
42,730,1639,4.5,Autumn,3,Basic
35,3110,165,2.6,Spring,1,Premium
44,1311,336,3.9,Summer,6,Premium
34,3246,1081,3.0,Spring,6,Premium
23,1696,642,9.1,Autumn,6,Adventure
48,1627,529,8.0,Winter,5,Basic
19,813,1720,1.5,Autumn,4,Adventure
65,2850,1926,9.9,Spring,9,Premium
52,4370,1548,5.8,Spring,5,Premium
21,1636,1229,7.9,Autumn,1,Premium
40,4342,703,10.0,Autumn,5,Adventure
32,4174,1232,9.8,Summer,7,Adventure
59,543,1274,1.9,Winter,1,Premium
22,1149,1632,6.9,Autumn,9,Premium
59,655,1427,3.4,Winter,5,Basic
20,2596,1726,8.3,Winter,4,Basic
19,2266,706,9.3,Summer,3,Premium
33,1724,535,1.5,Spring,6,Basic
30,4995,668,10.0,Winter,7,Premium
19,4823,1844,3.0,Winter,3,Premium
57,3967,343,8.6,Winter,2,Premium
27,1410,1402,8.2,Winter,7,Basic
33,2860,1117,4.2,Spring,9,Premium
26,2446,502,8.6,Summer,10,Premium
48,2967,896,8.6,Winter,4,Basic
60,1498,665,2.6,Autumn,7,Premium
25,891,613,6.3,Spring,4,Basic
54,2453,174,8.3,Summer,10,Premium
31,3939,1190,7.3,Autumn,3,Basic
47,4244,1992,9.2,Autumn,7,Adventure
62,1014,1261,1.3,Autumn,5,Premium
34,1408,1851,7.3,Winter,10,Basic
41,4594,1555,9.5,Winter,6,Adventure
28,4891,1916,6.1,Autumn,8,Premium
56,634,408,6.1,Summer,9,Basic
56,4721,1332,2.7,Winter,3,Basic
65,2481,1440,9.9,Summer,4,Adventure
63,1676,924,8.9,Winter,3,Premium
25,2886,1188,5.4,Winter,10,Basic
28,4016,1065,3.8,Winter,9,Adventure
37,512,146,5.4,Summer,4,Adventure
24,3390,755,1.8,Winter,3,Basic
55,2470,1978,3.1,Summer,5,Premium
19,3912,1367,3.0,Winter,9,Adventure
37,2034,1424,5.7,Spring,3,Premium
54,1201,830,1.0,Winter,7,Basic
61,4788,1659,9.3,Autumn,3,Basic
42,3454,1124,2.8,Summer,10,Basic
43,1054,702,2.2,Spring,3,Basic
63,4809,1476,7.5,Summer,6,Adventure
30,4957,902,9.3,Winter,2,Adventure
22,4656,886,8.6,Autumn,9,Premium
55,4658,355,3.9,Autumn,9,Premium
62,666,664,1.2,Autumn,2,Basic
58,3698,820,6.3,Winter,3,Premium
33,4351,426,9.3,Winter,6,Basic
24,856,1595,8.0,Autumn,3,Adventure
62,3669,1151,8.6,Winter,1,Adventure
37,3558,1019,8.7,Winter,6,Basic
61,2577,543,9.6,Spring,7,Basic
56,633,1789,4.4,Winter,7,Adventure
25,3425,511,9.5,Spring,5,Premium
54,1053,665,4.6,Autumn,8,Premium
20,3324,1806,1.9,Summer,5,Basic
40,2475,1499,3.7,Winter,3,Adventure
52,1349,345,2.2,Autumn,4,Premium
45,3223,1700,2.4,Autumn,2,Premium
60,1592,998,9.5,Winter,3,Adventure
41,863,1923,8.1,Summer,3,Basic
22,3386,168,9.6,Summer,1,Adventure
50,4972,1201,6.8,Winter,10,Adventure
59,3273,895,2.6,Autumn,10,Premium
39,1934,903,9.7,Winter,5,Premium
18,4306,1191,7.2,Summer,10,Premium
44,4420,1135,9.4,Winter,10,Premium
49,1993,324,8.1,Autumn,10,Adventure
24,1604,845,3.0,Summer,4,Basic
45,1016,547,6.3,Summer,10,Adventure
41,4249,572,2.6,Summer,4,Basic
58,802,466,3.8,Autumn,4,Basic
47,2903,726,7.2,Winter,1,Premium
63,2151,1374,2.1,Summer,6,Adventure
27,858,211,7.6,Autumn,2,Premium
45,2134,1938,9.5,Autumn,8,Basic
29,843,971,9.5,Spring,3,Adventure
64,3085,1784,4.5,Summer,9,Adventure
51,3040,809,9.9,Autumn,10,Premium
59,4722,239,9.7,Winter,8,Premium
35,3762,1146,1.3,Autumn,6,Adventure
57,4948,1533,6.4,Autumn,3,Premium
52,4378,1748,9.3,Spring,7,Premium
48,2575,440,9.7,Summer,8,Basic
47,799,155,3.0,Autumn,8,Adventure
45,2065,599,6.1,Winter,3,Adventure
64,2843,822,9.4,Spring,3,Basic
55,3424,1429,2.3,Autumn,4,Premium
35,891,1288,7.7,Winter,4,Adventure
38,3219,1284,3.1,Summer,1,Premium
33,2738,130,9.8,Spring,7,Basic
23,1519,1839,2.5,Autumn,1,Premium
35,3514,199,9.0,Spring,5,Premium
46,4079,435,1.8,Winter,7,Adventure
33,3776,1697,7.4,Summer,4,Basic
47,4102,1609,6.8,Summer,4,Basic
54,3667,1253,9.0,Summer,4,Adventure
57,3277,1533,5.0,Summer,2,Basic
60,2030,1425,3.4,Autumn,3,Premium
42,4564,1194,3.2,Winter,8,Adventure
39,4575,494,1.6,Spring,10,Basic
19,3509,1031,3.3,Autumn,8,Premium
49,4753,477,2.0,Spring,6,Adventure
38,2684,1830,1.0,Summer,8,Premium
29,1176,1907,4.5,Winter,4,Basic
49,3977,731,7.6,Autumn,7,Adventure
31,1146,670,9.7,Spring,7,Adventure
40,4027,1911,9.0,Spring,1,Premium
34,1978,81,5.4,Autumn,10,Premium
39,4968,483,4.4,Spring,7,Basic
35,2906,1969,5.9,Spring,6,Adventure
56,3131,439,1.9,Autumn,7,Premium
62,1340,1568,5.3,Winter,10,Adventure
35,1155,290,8.8,Autumn,10,Basic
53,3186,1579,6.9,Autumn,10,Basic
18,2921,1594,7.2,Winter,9,Basic
51,3010,1030,2.5,Spring,9,Basic
30,4152,1922,1.7,Autumn,1,Basic
23,3990,546,8.6,Spring,9,Adventure
33,1865,1474,3.7,Spring,2,Adventure
64,4136,1287,3.9,Spring,8,Basic
44,3379,1491,9.6,Autumn,8,Premium
49,4162,468,1.7,Winter,1,Premium
53,846,862,2.5,Summer,4,Basic
33,3388,1924,4.4,Winter,9,Adventure
62,4063,540,7.6,Autumn,9,Adventure
48,2749,1180,5.9,Winter,7,Premium
59,969,708,9.1,Summer,1,Premium
63,1114,1638,1.8,Winter,9,Adventure
49,3827,629,6.3,Autumn,7,Premium
46,3476,829,6.5,Spring,9,Basic
19,4703,1004,5.3,Summer,1,Basic
23,1810,1142,1.3,Winter,4,Premium
36,755,1378,9.5,Autumn,5,Basic
32,1669,785,2.5,Summer,8,Premium
43,4089,681,9.0,Summer,7,Adventure
62,785,585,2.4,Winter,5,Basic
33,1534,786,1.9,Autumn,5,Premium
37,1050,1100,2.8,Autumn,8,Basic
60,2433,1857,2.7,Summer,3,Basic
55,3500,1068,7.3,Summer,7,Adventure
41,3466,1004,7.5,Spring,5,Adventure
48,3636,251,7.6,Winter,10,Adventure
53,765,1694,3.4,Spring,1,Premium
51,1756,1529,3.5,Summer,9,Adventure
40,4185,1011,3.1,Summer,3,Adventure
45,3538,1609,1.4,Autumn,8,Basic
65,3547,1769,6.1,Autumn,8,Adventure
53,4136,705,8.6,Spring,2,Adventure
39,1129,1922,2.4,Summer,9,Basic
40,1627,466,4.2,Winter,2,Basic
62,4837,809,4.8,Autumn,3,Basic
47,3506,690,3.7,Autumn,10,Adventure
35,3760,897,7.0,Summer,9,Basic
37,3075,143,6.4,Winter,3,Premium
34,2783,1202,2.8,Spring,7,Adventure
32,2544,1819,1.2,Winter,7,Basic
25,1429,503,2.5,Summer,6,Premium
64,712,1568,3.6,Winter,8,Adventure
30,2024,348,1.7,Winter,1,Basic
38,4588,83,8.6,Summer,3,Basic
25,4741,584,3.8,Spring,8,Adventure
65,3670,1183,4.6,Winter,10,Adventure
52,1464,1964,5.4,Summer,4,Basic
62,2644,1246,6.9,Winter,8,Basic
29,2632,1236,1.8,Summer,2,Basic
30,4155,1524,5.9,Spring,5,Adventure
31,2257,905,2.7,Autumn,6,Basic
65,2839,654,9.0,Spring,3,Premium
48,4523,362,4.3,Autumn,2,Basic
35,2139,451,5.0,Autumn,2,Premium
64,1504,725,3.4,Winter,2,Adventure
55,1611,521,5.2,Summer,8,Basic
51,1106,827,3.0,Summer,6,Adventure
56,4203,1216,3.4,Summer,2,Basic
36,1914,1756,1.6,Spring,9,Basic
24,4146,553,7.8,Spring,7,Basic
30,1219,1072,7.0,Spring,9,Premium
36,3118,1177,1.8,Spring,10,Adventure
32,3346,1390,4.1,Winter,3,Adventure
41,1031,1982,5.9,Winter,7,Basic
29,4941,1452,9.7,Autumn,9,Basic
37,2878,741,6.3,Autumn,7,Basic
18,2957,577,6.0,Summer,1,Premium
63,1790,1613,8.6,Spring,3,Premium
52,1926,1732,8.4,Winter,6,Adventure
26,3461,1050,4.8,Autumn,10,Adventure
35,4667,1531,5.8,Summer,3,Premium
20,2336,1364,8.8,Summer,3,Premium
21,1494,1564,5.3,Spring,3,Basic
53,2146,1054,8.9,Spring,3,Adventure
36,1637,993,5.3,Summer,1,Adventure
62,2439,394,1.7,Spring,7,Adventure
26,4547,1550,9.1,Spring,5,Basic
58,715,1678,7.4,Autumn,5,Premium
49,3456,771,5.5,Autumn,8,Basic
24,3522,396,9.1,Autumn,5,Basic
18,4328,336,8.2,Winter,3,Adventure
54,1563,1525,7.1,Spring,2,Basic
36,1206,1169,6.6,Autumn,3,Premium
48,1038,1050,2.1,Autumn,4,Basic
48,3033,426,7.8,Summer,1,Basic
46,3761,1927,2.6,Autumn,10,Premium
39,4421,1871,9.9,Summer,5,Basic
29,4806,1160,9.7,Spring,1,Premium
21,3865,1364,8.3,Summer,8,Basic
34,3854,170,2.1,Autumn,8,Adventure
48,1104,1123,4.8,Winter,8,Premium
25,1526,119,9.9,Winter,9,Adventure
22,3097,1768,4.9,Spring,1,Basic
43,1107,1784,10.0,Autumn,10,Premium
49,4186,202,6.6,Spring,8,Basic
22,4316,1985,8.5,Summer,4,Adventure
54,4738,1725,3.3,Spring,4,Basic
58,3322,1418,9.2,Winter,10,Basic
61,1551,149,9.2,Spring,8,Basic
21,1990,1615,1.6,Summer,8,Adventure
27,1557,63,4.5,Autumn,7,Adventure
27,4044,894,4.6,Spring,8,Premium
54,4619,331,3.9,Summer,2,Basic
37,953,1775,3.5,Winter,10,Basic
23,1517,1341,5.1,Autumn,10,Premium
33,4744,523,8.9,Spring,1,Basic
25,1753,189,8.1,Spring,4,Basic
